{"cameraMode":{"drawMode":0,"name":"Shaded","section":"Shading Mode"},"sceneLighting":false,"audioPlay":false,"sceneViewState":{"showFog":true,"showMaterialUpdate":false,"showSkybox":true,"showFlares":true,"showImageEffects":true,"showParticleSystems":true,"showVisualEffectGraphs":true,"m_FxEnabled":true},"in2DMode":false,"pivot":{"x":-16.348770141601564,"y":100.29962158203125,"z":375.41168212890627},"rotation":{"x":-0.0011648176005110145,"y":0.9982402920722961,"z":0.05545929819345474,"w":0.02096613682806492},"size":141.04542541503907,"orthographic":false}